[
    {
        "fecha": "2025-08-11 15:20:02",
        "usuario": "roma",
        "productos": [
            {
                "producto": "pantalon",
                "precio": 635.0
            }
        ],
        "total": 635.0,
        "fuera_inventario": true
    },
    {
        "fecha": "2025-08-11 15:20:28",
        "usuario": "roma",
        "productos": [
            {
                "producto": "pantalon",
                "precio": "625",
                "piezas": 625,
                "cantidad": 23
            }
        ],
        "total": 14375.0,
        "fuera_inventario": false
    }
]