{"tienda": {"nombre": "Abarrotes", "patron_password": "jakeag"}, "patron": {"nombre": "Roma", "password": "jakeag"}, "empleados": {"lista": [{"nombre": "roma", "puesto": "auxiliar", "sueldo": "150", "nota": "", "password": "jakeag", "prestamo": {"cantidad": "0", "mensaje": "Se te ha realizado un pr\u00c3\u00a9stamo de $536", "pendiente": false}}]}, "ultimo_acceso": {"fecha": "2025-08-11", "hora": "12:49"}, "ultimo_acceso_empleado": {"fecha": "2025-08-11", "hora": "14:32"}, "ultimo_empleado": {"nombre": "roma"}}